<?xml version="1.0" encoding="UTF-8"?>
<project-private xmlns="http://www.netbeans.org/ns/project-private/1">
    <editor-bookmarks xmlns="http://www.netbeans.org/ns/editor-bookmarks/2" lastBookmarkId="0"/>
    <open-files xmlns="http://www.netbeans.org/ns/projectui-open-files/2">
        <group>
            <file>file:/E:/DIU/4thSemester/Java/Project/SchoolManagement/src/schoolmanagement/Teacher.java</file>
            <file>file:/E:/DIU/4thSemester/Java/Project/SchoolManagement/src/schoolmanagement/MySqlConnect.java</file>
            <file>file:/E:/DIU/4thSemester/Java/Project/SchoolManagement/src/schoolmanagement/Employee_Home.java</file>
            <file>file:/E:/DIU/4thSemester/Java/Project/SchoolManagement/src/schoolmanagement/Search_S.java</file>
            <file>file:/E:/DIU/4thSemester/Java/Project/SchoolManagement/src/schoolmanagement/Teacher_Home.java</file>
            <file>file:/E:/DIU/4thSemester/Java/Project/SchoolManagement/src/schoolmanagement/Student_List.java</file>
            <file>file:/E:/DIU/4thSemester/Java/Project/SchoolManagement/src/schoolmanagement/Delete_T.java</file>
            <file>file:/E:/DIU/4thSemester/Java/Project/SchoolManagement/src/schoolmanagement/Employee_List.java</file>
            <file>file:/E:/DIU/4thSemester/Java/Project/SchoolManagement/src/schoolmanagement/TeacherInfo.java</file>
            <file>file:/E:/DIU/4thSemester/Java/Project/SchoolManagement/src/schoolmanagement/Home.java</file>
            <file>file:/E:/DIU/4thSemester/Java/Project/SchoolManagement/src/schoolmanagement/Employee.java</file>
            <file>file:/E:/DIU/4thSemester/Java/Project/SchoolManagement/src/schoolmanagement/Student_Home.java</file>
            <file>file:/E:/DIU/4thSemester/Java/Project/SchoolManagement/src/schoolmanagement/Student.java</file>
            <file>file:/E:/DIU/4thSemester/Java/Project/SchoolManagement/src/schoolmanagement/Teacher_List.java</file>
            <file>file:/E:/DIU/4thSemester/Java/Project/SchoolManagement/src/schoolmanagement/Search_E.java</file>
            <file>file:/E:/DIU/4thSemester/Java/Project/SchoolManagement/src/schoolmanagement/Delete_E.java</file>
            <file>file:/E:/DIU/4thSemester/Java/Project/SchoolManagement/src/schoolmanagement/AdminHome.java</file>
            <file>file:/E:/DIU/4thSemester/Java/Project/SchoolManagement/src/schoolmanagement/Search_T.java</file>
            <file>file:/E:/DIU/4thSemester/Java/Project/SchoolManagement/src/schoolmanagement/Delete_S.java</file>
            <file>file:/E:/DIU/4thSemester/Java/Project/SchoolManagement/src/schoolmanagement/StudentInfo.java</file>
        </group>
    </open-files>
</project-private>
